,Heading Title,Frequency
1,Qualifications,200
2,Responsibilities,161
3,Location,153
4,Job Description,139
5,Responsibilities:,134
6,Job ID,107
7,Job Title,104
8,Qualifications:,82
9,Company Description,70
10,Requirements:,67
11,Preferred Qualifications:,62
12,Requirements,54
13,Preferred Qualifications,51
14,Basic Qualifications:,45
15,Description,40
16,About the Role,37
17,Education,35
18,What You'll Do,33
19,Who We Are,33
20,Minimum Qualifications,33
21,Overview,31
22,Job Description:,31
23,About Us,31
24,RESPONSIBILITIES,28
25,Required Qualifications,28
26,Minimum Qualifications:,27
27,Benefits,27
28,Basic Qualifications,26
29,Experience,24
30,What You'll Do:,24
31,QUALIFICATIONS,23
32,What you'll do,23
33,Education:,22
34,Position Summary,22
35,LOCATION,21
36,Preferred qualifications:,21
37,Required Experience,20
38,Overview:,20
39,Skills:,19
40,Position Summary:,19
41,Who You Are,18
42,Who We Are:,18
43,Job Level : Individual Contributor,18
44,Required Skills,18
45,Key Responsibilities:,18
46,Experience:,17
47,Job Demands:,17
48,What You’ll Do:,17
49,Who you are,17
50,Required Qualifications:,17
51,What You’ll Do,16
52,Perks,16
53,Equal Employment Opportunity Statement,16
54,What you’ll do:,16
55,Responsibilities include:,16
56,About the job,15
57,Summary,15
58,Job Summary:,15
59,About the role,15
60,Who we are,15
61,Job type,14
62,Learn about life at Spotify,14
63,About the Role:,14
64,Minimum qualifications:,14
65,Equal Opportunity Employer/Disability/Veterans,14
66,Benefits:,14
67,What You Will Do:,14
68,What you'll do:,13
69,Equal Employment Opportunity,13
70,JOB DESCRIPTION,13
71,Job Requirements:,12
72,Job Type : Standard,12
73,Job Summary,12
74,Competitive salary,12
75,About the role:,12
76,What you'll be doing:,12
77,Wellness perks,12
78,Additional Requirements:,12
79,Job Category,12
80,Career Level,12
81,Job Responsibilities:,12
82,Description:,12
83,Key Responsibilities,12
84,Who we are:,11
85,Who you are:,11
86,About us:,11
87,Required Skills:,11
88,What we’re looking for:,11
89,Who You Are:,11
90,POSITION OVERVIEW,11
91,Work Location,10
92,POSITION SUMMARY,10
93,Job Category : Information Technology,10
94,About Us:,10
95,The Opportunity,10
96,About You:,10
97,Position Overview:,10
98,Job Schedule : Full-time,10
99,What you will do:,10
100,WHY ROBLOX?,10
101,SALARY AND BENEFITS,10
102,REQUIREMENTS,10
103,What you’ll do,9
104,Preferred Skills,9
105,Education/Experience,9
106,Desired Qualifications,9
107,Skills,9
108,Bachelor’s degree required,9
109,PREFERRED SKILLS,9
110,Perks & Benefits,9
111,Role description,9
112,What We Offer,9
113,About You,9
114,WHAT YOU'LL DO,8
115,Roles & Responsibilities:,8
116,What we offer,8
117,About Pinterest:,8
118,WHY DATA SCIENCE & ANALYTICS?,8
119,Desired:,8
120,Department Description,8
121,Job Responsibilities,8
122,About us,8
123,Preferred,8
124,About NYC Health + Hospitals,7
125,REQUIRED SKILLS,7
126,MINIMUM QUALIFICATIONS,7
127,Preferred Skills:,7
128,Qualifications/Requirements,7
129,Experienced,7
130,Why join us,7
131,Location:,7
132,Job Function,7
133,YOUR QUALIFICATIONS:,7
134,Notices,7
135,Compensation,7
136,YOUR IMPACT:,7
137,Position Overview,6
138,Desired Characteristics,6
139,Essential Duties and Responsibilities,6
140,Job Details,6
141,Technical Skills,6
142,"PrimaryLocation : California,Oakland,2000 Broadway",6
143,Basic qualifications,6
144,About the Team:,6
145,What you will be doing:,6
146,Preferred:,6
147,Minimum Qual Requirements,6
148,Primary Responsibilities,6
149,Technical Skills:,6
150,About UCSF,6
151,Company Overview:,6
152,Essential Duties and Responsibilities:,6
153,Job Requirements,6
154,What you’ll need:,6
155,Strong communication and interpersonal skills,6
156,Job Description Summary,6
157,Job Code and Payroll Title,6
158,What's important to us:,6
159,About the Job,6
160,SUMMARY,6
161,About you,6
162,JOB SUMMARY:,6
163,Roles and Responsibilities,5
164,Skills and Experience:,5
165,Job Family:,5
166,"Location: San Francisco, CA",5
167,Relocation assistance,5
168,Duties and Responsibilities:,5
169,QUALIFICATIONS:,5
170,WHO WE ARE,5
171,Organization Overview,5
172,What we offer:,5
173,Work Environment,5
174,Experience with Python,5
175,The opportunity,5
176,Why You Should Join:,5
177,combination of education and experience.,5
178,Position Description,5
179,field. Master’s degree preferred.,5
180,What's Next,5
181,Education and Experience:,5
182,Role and Responsibilities,5
183,Duties and Responsibilities,5
184,Primary Duties & Responsibilities:,5
185,About Freenome,5
186,Essential Job Functions:,5
187,BENEFITS,5
188,Benefits & Perks,5
189,WHAT YOU'LL NEED,5
190,What you’ll bring:,5
191,Department Overview,5
192,Job Location : San Francisco,5
193,Competitive salary and benefits,5
194,Job Posting Notice,5
195,Primary Location,5
196,You’ll need to have:,5
197,Why Cruise?,5
198,Work Experience,5
199,JOB DESCRIPTION:,5
200,Preferred Skills or Knowledge,5
201,Key responsibilities include:,5
202,About Capgemini,5
203,The work:,5
204,What You Will Be Doing:,5
205,What you must have:,5
206,Who are we?,5
207,Division/Work Unit,5
208,What we are looking for:,5
209,Compensation:,5
210,Fertility Benefits,5
211,Business Overview,5
212,Career,5
213,Proposed Salary Range,5
214,REQUIREMENTS:,5
215,Competitive salary packages and bonuses,4
216,Experience with NoSQL databases,4
217,ASSOCIATE RETIREMENT BENEFITS EXAMINER,4
218,What you'll be doing,4
219,Why Vox?,4
220,Benefits start within 30 days,4
221,SUPERVISORY RESPONSIBILITIES,4
222,WHY JOIN THE FREEDOM FAMILY?,4
223,What you'll need to succeed,4
224,Position Requirements:,4
225,Summary:,4
226,PAY TRANSPARENCY NONDISCRIMINATION PROVISION,4
227,Responsibilities Include:,4
228,Excellent analytical and problem-solving skills,4
229,Job Description Summary:,4
230,Strong analytical and problem-solving skills,4
231,About Verkada,4
232,About VIZIO:,4
233,Role Description,4
234,Location: New York,4
235,Equal Opportunity Employer,4
236,Experienced (non-manager),4
237,Direct experience in Marketing analytics,4
238,WHAT WE'RE LOOKING FOR,4
239,Experience with Google Analytics preferred.,4
240,Experience with SQL,4
241,Good quantitative analytical skills,4
242,More about Atlassian,4
243,WorkingHoursEnd : 5:30 PM,4
244,Skills Required:,4
245,What You'll Bring,4
246,Experience creating executive level presentations,4
247,About the team,4
248,Mission Bay (SF),4
249,Experience requirements,4
250,What You've Done,4
251,WHO WE ARE:,4
252,https://youtu.be/c5TgbpE9UBI or visit https://climate.com/careers,4
253,RESPONSIBILITIES:,4
254,Company Overview,4
255,What you bring:,4
256,About Our Team,4
257,Job Type: Full-time,4
258,The Requirements,4
259,OVERVIEW,4
260,What it takes:,4
261,Work you’ll do,4
262,Experience and Skills (required),4
263,SUMMARY:,4
264,THE OPPORTUNITY:,4
265,Advanced Excel skills,4
266,ABOUT THE JOB,4
267,Detailed Description and Job Requirements,4
268,Project Description:,4
269,Right to Work,4
270,Core Responsibilities:,4
271,ESSENTIAL JOB FUNCTIONS,4
272,What We Offer:,4
273,Principal Responsibilities:,4
274,Strong communication and presentation skills,4
275,Who are we looking for?,4
276,JOB SUMMARY,4
277,What you'll bring:,4
278,ABOUT Delta Dental,4
279,Experience with survey design.,4
280,POSITION SUMMARY:,4
281,Preferred Requirements:,4
282,Here’s what you need:,4
283,Position Requirements,4
284,Knowledge of JCL strongly preferred.,4
285,More about our benefits,4
286,Collaborative working style,4
287,BASIC QUALIFICATIONS,4
288,JOB RESPONSIBILITIES:,4
289,About MOLOCO,4
290,Job Type: Regular,4
291,Essential Job Duties and Responsibilities:,3
292,Workplace flexibility,3
293,What You Should Have:,3
294,Work from home policy,3
295,Essential Responsibilities,3
296,Strong time management skills.,3
297,Preferred Technical and Professional Expertise,3
298,Competitive health benefits,3
299,MORE ABOUT THIS JOB:,3
300,Qualifications Required for the Position,3
301,RESPONSIBILITIES AND QUALIFICATIONS:,3
302,BA/BS required,3
303,Benefits @ Zip,3
304,Essential Job Functions,3
305,Previous experience in data reporting,3
306,Very strong analytical skills,3
307,Qualifications Required:,3
308,Education & Experience Required:,3
309,What you need to succeed,3
310,WHAT YOU WILL DO,3
311,About Upstart,3
312,Education/Training:,3
313,About the team:,3
314,Fertility Counseling and Benefits,3
315,About IBM,3
316,Desired Experience:,3
317,"Location: New York, NY",3
318,Experience in eCommerce Fraud Operations,3
319,About Gap Inc.,3
320,Overview and Responsibilities,3
321,Specific Skills:,3
322,Desired Skills & Experience,3
323,Required Education,3
324,Bachelor's degree and/or equivalent experience/training.,3
325,Qualifications Desired:,3
326,What will you be doing?,3
327,Qualifications include:,3
328,Duties/Responsibilities:,3
329,WHAT YOU'LL ACCOMPLISH,3
330,Required:,3
331,"Primary Location: New York,New York",3
332,Why GSK?,3
333,"License, Registration, or Certification Requirements:",3
334,Education/Experience:,3
335,2-5 years experience,3
336,Your Role and Responsibilities,3
337,Advertising Experience,3
338,Education & Experience,3
339,Basic qualifications:,3
340,Robust benefits program,3
341,Firm Overview:,3
342,Our Mission,3
343,Mobile Industry and/or Gaming Experience,3
344,About Databricks,3
345,BENEFITS & PERKS:,3
346,KEY RESPONSIBILITIES,3
347,Career coaching opportunities,3
348,What you’ll love:,3
349,Strong analytical skills,3
350,Minimum requirements for this role:,3
351,WorkingHoursStart : Variable,3
352,ABOUT WAVEMAKER:,3
353,What we look for:,3
354,Salary & Benefits,3
355,Departmental Overview,3
356,https://ucnet.universityofcalifornia.edu/compensation-and-benefits/index.html,3
357,Previous experience in data reporting.,3
358,ABOUT US:,3
359,Microsoft Office skills required.,3
360,About Opendoor:,3
361,What’s great about the role:,3
362,JOBREQ-211961,3
363,Required Background:,3
364,Experience with optimization techniques.,3
365,Who is LegalZoom?,3
366,YOUR IMPACT,3
367,More About Us,3
368,About Spin,3
369,Essential Requirements,3
370,Description & Requirements,3
371,Required Skills and Qualifications,3
372,Pre-tax commuter benefits,3
373,WorkingHoursStart : 8:00 AM,3
374,WHO YOU ARE,3
375,About Business Unit,3
376,Master's degree preferred.,3
377,About,3
378,WorkingHoursEnd : Variable,3
379,Education and Experience Requirements:,3
380,Job Ref#: 911,3
381,WHAT YOU'LL BRING,3
382,Compensation and Benefits,3
383,What We're Looking For:,3
384,Advanced SQL skills,3
385,"Competitive compensation, including meaningful equity",3
386,Enjoy incredible perks.,3
387,Transit benefits,3
388,You'll Love:,3
389,Experience leading fast growing teams,3
390,Mission,3
391,EDUCATION AND EXPERIENCE,3
392,Requirements and General Skills:,3
393,"Experience with SQL, Excel",3
394,Preferred Requirements,3
395,Education reimbursement,3
396,Life insurance and disability benefits,3
397,Entertainment Networks Research,3
398,Experience with product analytics,3
399,Supervisory Responsibilities:,3
400,Strong analytical and problem-solving skills.,3
401,Requirements/Qualifications,3
402,Excellent interpersonal and organizational skills,3
403,Organizational Description,3
404,ABOUT YOU,3
405,Deploy counter measures analyze impact,3
406,"Education Level: Master's, PhD",3
407,Extensive computer software skills,3
408,"MINIMUM REQUIREMENTS (Knowledge, Skills, Abilities)",3
409,Compensation & Benefits,3
410,Undergraduate degree required,3
411,Project Management experience,3
412,Previous experience as an analyst,3
413,About Ketchum,3
414,Your Responsibilities:,3
415,Team Description:,3
416,Technical:,3
417,Perform other duties as needed.,3
418,What will I do?,3
419,"Work Environment: Office, remote, home",3
420,Key Skills and Competencies,3
421,Main responsibilities,3
422,Essential duties and responsibilities,3
423,Benefits at Gap Inc.,3
424,Why Work For Us,3
425,Job Description/Responsibilities,3
426,Entertainment Networks,3
427,About The Opportunity:,3
428,The Impact You Will Make:,3
429,ABOUT NIELSEN,3
430,About the Job:,3
431,DESCRIPTION,3
432,What we're looking for,3
433,Minimum Requirements,3
434,Workplace and off-site social gatherings,3
435,Required Technical and Professional Expertise,3
436,WHAT SHAPES OUR COMPANY,3
437,Preferred: Knowledge of Spark,3
438,Previous experience as an analyst.,3
439,Responsibilities & Duties:,3
440,Travel Requirements:,3
441,Preferred requirements:,3
442,About you:,3
443,Minimum Position Requirements and Qualifications,3
444,JOB REQUIREMENTS:,3
445,ABOUT QUADPAY,3
446,Job Function: Technology,3
447,Comprehensive benefits package,3
448,ABOUT GOLDMAN SACHS:,3
449,You have experience in healthcare,3
450,Job Family Group:,3
451,Location Statement,3
452,WorkingHoursStart : 9:00 AM,3
453,Yoga @ work,3
454,Benefits at Coinbase,3
455,Location of Position:,3
456,Technical Qualifications:,3
457,Skills/Abilities:,3
458,WORKING CONDITIONS AND ENVIRONMENT,3
459,Essential Responsibilities:,3
460,What Helix can offer you:,3
461,About us.,3
462,Advanced Microsoft Excel skills (VBA),3
463,"And Of Course, Perks!:",3
464,WorkingHoursEnd : 5:00 PM,3
465,Experience with Data Mining,3
466,What you bring to it:,3
467,About the Team,3
468,"Location: San Francisco, United States",3
469,Desired Skills and Experience:,3
470,Equal Employment Opportunity:,3
471,"Works effectively, independently and collaboratively",2
472,Company Benefits,2
473,WHY SOCIAL?,2
474,Preferred Education,2
475,Non-Technical:,2
476,Knowledge and Experience,2
477,WHAT TELLIC OFFERS,2
478,Job Location:,2
479,Skills and Experiences,2
480,Additional responsibilities as assigned,2
481,CORE DUTIES/RESPONSIBILITIES,2
482,Principle Responsibilities:,2
483,What is Required:,2
484,WHAT YOU'LL DO:,2
485,MINIMUM QUALIFICATIONS:,2
486,About USDM,2
487,Good communication skills,2
488,QUALIFICATION REQUIREMENTS,2
489,About Updater,2
490,Preferred Skills and Qualifications,2
491,Prior consulting experience,2
492,Excellent communication skills,2
493,Skills and Experience,2
494,Your Skills and Experience:,2
495,Experience in Alteryx,2
496,What we offer you?,2
497,QUALIFICATIONS :,2
498,Equipment needed for work,2
499,Preferred experience:,2
500,Qualification Requirements:,2
501,Why You’ll Love Working Here,2
502,Summary of position:,2
503,Excellent people & leadership skills.,2
504,Work for an Industry Leader,2
505,jobs@perigeeintegrations.com,2
506,WORK SCHEDULE & REQUIRED AVAILABILITY,2
507,Qualifications :,2
508,Bonus Points For Experience With:,2
509,About you...,2
510,Strong verbal/written communication skills.,2
511,Working with Agile,2
512,"Locations: Boston, New York, Remote.",2
513,Strong interpersonal and communication skills.,2
514,JOB DUTIES & RESPONSIBILITIES,2
515,JOB,2
516,Experience working with product data.,2
517,Impact,2
518,Experience with Unix/Linux environments,2
519,Physical Requirements/Work Environment:,2
520,Experience in e-Commerce or Retail.,2
521,Job Information:,2
522,Main Responsibilities,2
523,FP&A experience,2
524,Commuter Benefits,2
525,WHAT'S ON THE MENU,2
526,Location: San Francisco (SoMa),2
527,Additional Qualifications:,2
528,Job Role & Strengths:,2
529,5+ years relevant experience,2
530,Location: New York (Remote),2
531,Bonus Skills/Qualifications:,2
532,Strong interpersonal and collaboration skills,2
533,Job Introduction,2
534,Core Requirements:,2
535,BENEFITS & PERKS,2
536,Job Type: Officer of Administration,2
537,Expert analytical and problem-solving skills.,2
538,Years of Experience:,2
539,Experience with CUDA or Matlab.,2
540,WHAT YOU'LL LOVE ABOUT US,2
541,Benefits and Perks,2
542,Job Responsibility,2
543,What will you do?,2
544,What Excites You:,2
545,Experience with data reporting/querying tools,2
546,Experience in an inter-disciplinary/cross-functional field.,2
547,Pay Transparency Non-Discrimination Provision,2
548,REQUIRED QUALIFICATIONS:,2
549,Job Duties:,2
550,Data sourcing and ETL work,2
551,Desired Education And Work Experience,2
552,Posting Description:,2
553,JOB QUALIFICATIONS,2
554,Learn more at www.vimeo.com/jobs,2
555,ABOUT GROUPM:,2
556,Demonstrated experience should include:,2
557,Excellent critical thinking skills,2
558,Previous client-facing experience,2
559,Knowledge & Skills,2
560,About Squarespace,2
561,"Education, Experience, and Skill Qualifications",2
562,Prior agency experience strongly desired,2
563,DESCRIPTION:,2
564,Education Requirements:,2
565,Python and SQL experience,2
566,Travel between systems locations.,2
567,Who you are...,2
568,About You.,2
569,2+ years’ experience minimum,2
570,Thrive in fast-paced work environments,2
571,About Aon:,2
572,Brief summary of the role:,2
573,JOBREQ-211417,2
574,ABOUT GOLDMAN SACHS,2
575,What we look for,2
576,. Requirements:,2
577,Experience with machine learning frameworks,2
578,PREFERRED SKILLS:,2
579,DESIRED QUALIFICATIONS,2
580,What You’ll Bring,2
581,Strong programming skills in Python.,2
582,Beneficial Skills,2
583,Experience working at startups.,2
584,Respond to regulatory protection requirements,2
585,TD Description,2
586,Strong analytics and problem-solving skills.,2
587,Python experience a must,2
588,PERSONAL CHARACTERISTICS,2
589,Understanding of accounting concepts preferred,2
590,WHO WE ARE LOOKING FOR:,2
591,Like ZS Careers on Facebook,2
592,Your Key Responsibilities:,2
593,What this job involves,2
594,About Alliance Data Card Services,2
595,Previous management experience,2
596,Required Application Materials,2
597,Skills and qualifications,2
598,WHAT TO SEND OUR WAY,2
599,Experience in Einstein Analytics,2
600,What will you be doing…,2
601,Required Skills and Experience:,2
602,The Primary Responsibilities:,2
603,External Link: https://www.gene.com/careers/commercial-operating-principles,2
604,Additional Skills,2
605,Experience should include:,2
606,Both technically and strategically savvy.,2
607,Preferred qualifications,2
608,Consulting firm/industry experience preferred,2
609,"Location: US-CA,California-San Francisco",2
610,Education Required:,2
611,Location: Medical Center,2
612,TECHNICAL SKILLS REQUIRED,2
613,Why you'll love us,2
614,Physical Requirements:,2
615,Baseline skills/experiences/attributes:,2
616,Marketing analytics experience,2
617,COMPETENCIES AND TECHNICAL SKILLS,2
618,Why you’ll love working here,2
619,Experience with database management preferred.,2
620,Excellent written communication skills,2
621,About Kabam,2
622,Work Life Balance,2
623,Job Schedule : Part-time,2
624,Job: Product Development,2
625,Job ID S-639,2
626,WHAT WILL YOU DO?,2
627,WHAT ARE WE LOOKING FOR,2
628,Why Capco?,2
629,Required,2
630,Required Skills/Experience:,2
631,Summary of Duties & Responsibilities:,2
632,Experience in a consulting organization.,2
633,Skillset and Requirements:,2
634,Experience building recommendation systems,2
635,Job Type: Regular Employee Hire,2
636,Preferred Experience Includes,2
637,Travel requirements,2
638,About Extend:,2
639,Who you are!,2
640,The Experience You Will Bring,2
641,Job Category(s),2
642,Salary Range: Commensurate with experience,2
643,What you should have,2
644,What You’ll Get to Do:,2
645,"Required Knowledge/Skills, Education, and Experience",2
646,Key responsibilities,2
647,Job Number,2
648,Qualifications and Requirements:,2
649,Experience working in agile methodology,2
650,Experience: Manager and Professional,2
651,Learn alongside experienced financial analysts.,2
652,Qualifications of candidates:,2
653,About Faire,2
654,#ITcareers,2
655,What we do,2
656,About Twitch:,2
657,Experience designing and executing experiments,2
658,Location: South San Francisco,2
659,About J.P. Morgan,2
660,Experience managing ETL pipelines.,2
661,About Datadog:,2
662,Experience working with international partners,2
663,Job Category: Engineering,2
664,Preferred Experience,2
665,Verification of Experience: http://sfdhr.org/getting-job#verification,2
666,Competitive salary and equity,2
667,"Medical, dental, and vision coverage",2
668,"PrimaryLocation : California,Oakland,1800 Harrison",2
669,Required language and systems skills:,2
670,About EY,2
671,What we can offer you:,2
672,Great excel modeling skills,2
673,More about our team,2
674,"JOB LOCATION: FOSTER CITY, CA",2
675,What We Offer You:,2
676,Knowledge/Skills:,2
677,JobID: DS001,2
678,Job Overview,2
679,Benefits program,2
680,Desired Skills:,2
681,What Excites Us:,2
682,POSITION RESPONSIBILITIES:,2
683,Computer vision expertise,2
684,Retirement benefits with employer match,2
685,WHAT YOU'LL GET,2
686,Skills and attributes for success,2
687,Desired Skills/ Preferred Experiences:,2
688,Equal Opportunity/Affirmative Action Employer,2
689,Why you?,2
690,Job Code: 4927013,2
691,Additional responsibilities as required,2
692,Experience with data warehousing principles,2
693,Exceptional time management skills,2
694,Advanced statistics training and experience.,2
695,Primary Responsibilities:,2
696,SQL experience a plus,2
697,Who You’ll Work With,2
698,Role Summary,2
699,Work Environment and Physical Demands,2
700,Shift : Day Job,2
701,You'll make an impact by:,2
702,Core Description:,2
703,Your responsibilities:,2
704,Job title: Salesforce Business Analyst,2
705,Strong written/verbal communication skills,2
706,Insurance brokerage or fintech experience,2
707,1-2 years of relevant experience,2
708,Experience with model documentation,2
709,"Python, Java programming experience",2
710,What does success look like?,2
711,"Education, Experience, and Other Requirements:",2
712,Expert Excel programming skills required,2
713,About Insider Intelligence:,2
714,Excellent time management skills,2
715,Experience in retail or FMCG,2
716,"JOB LOCATION: New York, NY",2
717,Supply Chain experience preferred.,2
718,Strong working knowledge of PeopleSoft,2
719,Equal Opportunity at Datadog:,2
720,Experience with distributed computing (Hive/Hadoop),2
721,More about you,2
722,Experience building ML models,2
723,Experience in Salesforce.com implementations.,2
724,"A comprehensive, industry-leading benefits package",2
725,Job ID:,2
726,4 years of work experience.,2
727,Bachelor’s Degree or higher preferred,2
728,A. or B.S. required,2
729,Select the desired job announcement,2
730,Your Key Responsibilities,2
731,Right to Work Poster (English),2
732,Exceptional analytics skills,2
733,Role overview:,2
734,Experience in software programing,2
735,Physical Requirements,2
736,REQUIREMENTS/QUALIFICATIONS:,2
737,Job Requisition ID #,2
738,Main duties & responsibilities:,2
739,Tensorflow OR PyTorch experience,2
740,Superior analytical skills,2
741,What Will Put You Ahead,2
742,REQUIRED SKILLS & EXPERIENCE:,2
743,Other Locations: United States,2
744,Minimum Requirements:,2
745,Expertise in SQL (Postgres preferred),2
746,Experience with multi-channel retailers preferred,2
747,About CAS,2
748,Hiring requirements,2
749,About Atmosphere:,2
750,Essential Duties & Responsibilities,2
751,Experience working with complex systems,2
752,And many more impactful initiatives!,2
753,Detailed responsibilities:,2
754,Who we’re looking for:,2
755,Personal Characteristics,2
756,REQUIREMENTS/CHARACTERISTICS:,2
757,Here’s What You Need:,2
758,"Required Skills, Knowledge & Abilities",2
759,Experience with SQL (or equivalent).,2
760,Preferred Skills/Experience:,2
761,Job Title:,2
762,Required qualifications:,2
763,Here's what you will do,2
764,Facilitate workshops with clients,2
765,Job Id,2
766,Work Environment:,2
767,What You'll Be Doing,2
768,Experience and/or education must include:,2
769,What working at EY offers,2
770,"Medical, dental, vision",2
771,Statistics coursework/background is a plus,2
772,Job Title: IT Business Analyst,2
773,Job Location : Concord,2
774,EDUCATION QUALIFICATION,2
775,"Medical, Dental & Vision",2
776,Experience with DBT and Snowflake,2
777,Solid problem-solving skills,2
778,Experience with data reporting/querying tools.,2
779,Experience Level: Experienced Professional,2
780,About JLL and JLL Technologies,2
781,Basic requirements:,2
782,HERE’S WHAT YOU’LL DO (RESPONSIBILITIES),2
783,Strong listening and interpersonal skills.,2
784,Previous Federal Consulting experience,2
785,"Excellent interpersonal, and communication skills.",2
786,Builds statistical models as needed.,2
787,SKILLS & KNOWLEDGE,2
788,About Bread ®,2
789,Qualifications/Requirements:,2
790,Equal Opportunity Employer/Vet/Disability,2
791,Convenient NYC location,2
792,Skills & Abilites,2
793,Why join us?,2
794,Strong organizational skills,2
795,Job Type:,2
796,"key responsibilities include,",2
797,PHYSICAL ACTIVITIES AND REQUIREMENTS,2
798,Experience in report/dashboard development/maintenance,2
799,About the BBC,2
800,About Nautilus.,2
801,Analytical skills.,2
802,"Health, dental, and vision insurance",2
803,License/Certification Required: No,2
804,Work productively amidst ambiguity,2
805,Awesome coworkers,2
806,Desired Skills and Experience :,2
807,Problem solving skills.,2
808,Responsibilities :,2
809,Desired Job Skills:,2
810,What is the role?,2
811,Job Category: Data/Content Group,2
812,Experience with telecom terminology.,2
813,WHY YOU’LL LOVE THIS JOB,2
814,100% paid vision insurance,2
815,Experience with github,2
816,Analytical and creative problem-solving skills,2
817,Excellent communication and presentation skills,2
818,"Health, Vision, Dental",2
819,Previous SaaS experience a plus,2
820,Competitive Salary,2
821,Primary Location US-NY-New York,2
822,ABOUT LOANPAL:,2
823,Key Accountabilities (Impact),2
824,NYSOH description:,2
825,Other Requirements,2
826,Skills and experience:,2
827,ABOUT WAVEMAKER,2
828,Interpersonal and managerial skills,2
829,Flexibility to travel as required,2
830,Qualifications and Skills:,2
831,2+ years related experience required,2
832,Required Experience:,2
833,Job Expectations,2
834,Qualifications and Experience,2
835,Primary duties and responsibilities,2
836,WORK ENVIRONMENT,2
837,"Normal location: New York, NY",2
838,High proficiency in SQL required,2
839,What we're looking for:,2
840,Job Duties/Responsibilities:,2
841,Position Responsibilities,2
842,Job Family,2
843,Job Category - Primary,2
844,Education: BA/BS in STEM field,2
845,What's Required:,2
846,ESSENTIAL DUTIES AND RESPONSIBILITIES,2
847,Equal Opportunity Employer.,2
848,ABOUT CO–STAR,2
849,Physical requirements,2
850,Competitive medical/dental/vision coverage,2
851,Work with your partners to:,2
852,"Manager, Technical SEO",2
853,Experience in Salesforce,2
854,Flexible Work Arrangements,2
855,JOB TYPE: Full-Time Staff,2
856,Performs other duties as required,2
857,Experience in games/gaming analytics preferred,2
858,Experience working independently,2
859,Basic Requirements:,2
860,Excellent presentation and communication skills,2
861,Wellness benefits,2
862,Key tasks and responsibilities,2
863,Benefits and perks:,2
864,Salary: Commensurate with experience,2
865,Experience mentoring others strongly preferred.,2
866,Knowledge about clinical data registries,2
867,WHY DEVELOPER SERVICES?,2
868,Right to Work Poster (Spanish),2
869,5-7 years’ experience,2
870,Job Responsibilities include:,2
871,Your Qualifications,2
872,The opportunity:,2
873,Excellent leadership and teaming skills,2
874,Roles/Responsibilities:,2
875,Summary of Major Responsibilities,2
876,Background & Experience Required:,2
877,Familiarity with clinical workflows,2
878,Teams Who Are Hiring:,2
879,Experience with open-source tools.,2
880,Ads or Advertiser experience,2
881,Prior experience in self-driving,2
882,5+ experience in data engineering,2
883,Familiarity with grant reporting preferred,2
884,COMPENSATION & BENEFITS:,2
885,Optimize workflows and communications.,2
886,About Guidewire,2
887,"Job Location: Oakland, CA",2
888,BACKGROUND AND EXPERIENCE,2
889,https://www.binghamton.edu/human-resources/dual-career-program/,2
890,Provider network analysis,2
891,Experience delivering analytics driven consulting,2
892,Required Technical Skills,2
893,Location / New York,2
894,Human Resources Division/Civ.,2
895,Knowledge about Linux command line,2
896,Education/Certification:,2
897,About working at Vox Media:,2
898,We offer great perks:,2
899,Other Desired Qualifications,2
900,"Education, Certifications and/or licenses:",2
901,Education and training requirements,2
902,Past experience in Ad-tech.,2
903,What you'll need:,2
904,Flexible work environment,2
905,Past experience in Ad-tech,2
906,The Work:,2
907,10+ years of relevant experience,2
908,Fertility and adoption benefits,2
909,Excellent PowerPoint & Excel skills,2
910,Experience driving cross functional team,2
911,About Unity Technologies,2
912,Experience working with relational databases,2
913,Flexible hours and working arrangements,2
914,; Job Overview,2
915,What we’re looking for,2
916,Additional qualifications/experience considerations:,2
917,Additional Preferred Qualifications:,2
918,What's in it for you:,2
919,Preferred Qualifications :,2
920,"Experience with PHP, and Javascript",2
921,Summary of Position:,2
922,Experience working with product teams.,2
923,Experience mentoring others strongly preferred,2
924,Experience using Oracle is preferred,2
925,Job Qualification,2
926,Knowledge & experience:,2
927,Work type: Full Time,2
928,What You’ll Need,2
929,Experience developing production software,2
930,Exceptional client management skills,2
931,Strong commitment to work/life balance,2
932,What We're Looking For,2
933,Exceptional relationship and influencing skills,2
934,Hands-on SQL experience,2
935,US citizenship is required.,2
936,Consumer-facing product experience,2
937,More about Us (Press):,2
938,What you’ll bring with You:,2
939,WHO'S IN THE KITCHEN,2
940,Performs other duties as required.,2
941,Experience with natural language processing.,2
942,A bachelor'sdegree or equivalent experience,2
943,Department : Division of Research,2
944,About The Brand,2
945,Other Responsibilities:,2
946,What we are looking for…,2
947,Data Steward - Job Description-,2
948,Company Description:,2
949,Desired Skills,2
950,Desired Candidate Profile,2
951,WHAT WE'RE LOOKING FOR:,2
952,Additional Qualifications,2
953,Possesses strong exploratory analysis skills,2
954,Requirements & Qualifications:,2
955,"Medical, dental, vision insurance",2
956,Master’s degree preferred,2
957,"Other Skills, Knowledge, and Abilities",2
958,Your Opportunity,2
959,Your Impact,2
960,"Location: Oakland, CA",1
961,ABOUT THE TEAM,1
962,SPECIFIC KNOWLEDGE & SKILLS:,1
963,Equal Opportunity Employer Minorities/Women/Protected Veterans/Disabled,1
964,Previous consulting experience recommended.,1
965,About the Company,1
966,Strong R programming skills,1
967,Medical or Pharmaceutical background preferred.,1
968,Knowledge/Experience:,1
969,About your skills and experience:,1
970,Expert SQL skills.,1
971,Knowledge/Skills,1
972,Strong interpersonal and presentation skills.,1
973,Position Description:,1
974,Minimum Education and Experience:,1
975,College Job,1
976,Desired skills,1
977,Our benefits,1
978,GENERAL SKILLS & COMPETENCIES:,1
979,The following qualifications are required:,1
980,PERKS & BENEFITS,1
981,About Self Aware Games,1
982,Reference requirements,1
983,Excellent interpersonal skills.,1
984,Previous experience in ad tech,1
985,Experience mentoring junior data scientists,1
986,Excellent communication and documentation skills,1
987,Job Scope :,1
988,Experience with distributed computing (Hive/Hadoop).,1
989,Professional Skill Requirements:,1
990,Why we’ll love you:,1
991,Experience with Snowflake,1
992,California Job Applicant Privacy Policy,1
993,Firm Overview,1
994,Graph or network analysis capabilities,1
995,Specific Skills/Knowledge:,1
996,Minimum Bachelor’s Degree is required,1
997,MUST have good communication skills,1
998,Experience with Visio,1
999,Job Location,1
1000,Identify reporting requirements,1
1001,Work Hours:,1
1002,"Location : San Francisco, CA",1
1003,Excellent Communication Skills,1
1004,GCP preferred,1
1005,OVERVIEW OF THE COMPANY,1
1006,Education and/or Experience:,1
1007,Professional Skills/Competency,1
1008,Experience with Microsoft Excel,1
1009,Experience shipping code into production,1
1010,About you…,1
1011,"KNOWLEDGE, SKILLS, AND ABILITIES",1
1012,Benefits of Working at OSK,1
1013,A global diverse work environment,1
1014,Primary Responsibilities :,1
1015,PREFERRED EDUCATION:,1
1016,Preferred Skills and Experience,1
1017,Distributed and cloud-based computing experience,1
1018,We WORK with:,1
1019,Strong research and analytical skills.,1
1020,automation needed.,1
1021,About the job:,1
1022,Preferred Experience and Qualifications,1
1023,5+ years of experience,1
1024,MBA and/or equivalent consulting experience.,1
1025,University Job Title:,1
1026,Basic planning/organizational skills and techniques,1
1027,Bachelor’s Degree (Required),1
1028,Opportunity/Sales,1
1029,Experience across the ML stack,1
1030,JOB TITLE,1
1031,Other Skills and Qualities Required:,1
1032,Strong analytical skills.,1
1033,Experience working in multi-disciplinary collaboratives,1
1034,Primary Location: US-NY-New York,1
1035,Education / Experience:,1
1036,Great communication and teamwork skills,1
1037,Google or AWS Cloud Experience.,1
1038,Litigation related experience preferred.,1
1039,Data analysis experience,1
1040,"PrimaryLocation : California,Berkeley,Berkeley Biomedical Engineering",1
1041,We’d love to see:,1
1042,"Agile experience, preferred",1
1043,EDUCATION LEVEL: Bachelor's Degree,1
1044,Strong problem-solving and troubleshooting skills,1
1045,Skills and Qualifications:,1
1046,What you will need:,1
1047,ABOUT MEYERS NAVE,1
1048,Who is Neo4j?,1
1049,Beneficial Qualifications:,1
1050,Experience with biological laboratory techniques,1
1051,Knowledge/Skills/Abilities,1
1052,Job Type Experienced,1
1053,No working experience is required,1
1054,Desirable Experience:,1
1055,Online Submission Guidelines :,1
1056,The skills you'll bring.,1
1057,Technical Qualifications,1
1058,What do you know?,1
1059,"Retail, food experience a plus",1
1060,What you’ll be working on,1
1061,Students & Early Career,1
1062,Basic Excel skills required.,1
1063,Skills & Abilities,1
1064,Experience quantifying and communicating uncertainty,1
1065,YOUR TASKS AND RESPONSIBILITIES,1
1066,Overall Responsibilities,1
1067,Experience in a quantitative field,1
1068,Superior communication skills.,1
1069,Experience administering a reporting tool.,1
1070,Why Join Us,1
1071,What You'll Achieve,1
1072,Preferred Qualifications...,1
1073,Job ID: 259389,1
1074,You have excellent analytical skills,1
1075,PRIMARY RESPONSIBILITIES,1
1076,Loom = Equal Opportunity Employer:,1
1077,Strong requirements documentation skills,1
1078,4+ years of industry experience,1
1079,100% distributed workforce,1
1080,Required Skills and Knowledge:,1
1081,"Education, Qualifications, Skills and Experience",1
1082,Required Knowledge and Skills,1
1083,Minimum Experience and Education,1
1084,Education and Experience :,1
1085,Experience with web applications,1
1086,3-5 years of related experience.,1
1087,Workdays : Mon-Fri,1
1088,About LexisNexis Risk Solutions,1
1089,Competitive compensation. Be fancy,1
1090,Commuter benefits,1
1091,Database experience (SQL),1
1092,Role Requirements:,1
1093,Experience with education technology,1
1094,About Public Consulting Group,1
1095,Demonstrated problem-solving and troubleshooting skills,1
1096,Minimum requirements:,1
1097,IT consulting experience,1
1098,Eligibility Requirements:,1
1099,WHY DEVELOPER MARKETPLACE?,1
1100,Domain experience in financial seices.,1
1101,Competitive Salary and Benefits Package,1
1102,Bonus Qualifications & Characteristics,1
1103,Applicants are required to:,1
1104,Experience with ISA-88 Batch Processing,1
1105,Additional Locations,1
1106,Flexible work-life balance,1
1107,Responsibilities include the following:,1
1108,"✅ Medical, dental, vision",1
1109,Primary Location : UNITED STATES-NY-SYRACUSE,1
1110,Basic communication and presentation skills.,1
1111,Primary Location: United States-New York-Oriskany,1
1112,Characteristics,1
1113,What we offer you:,1
1114,Why Join Neo4j?,1
1115,Excellent writing and presentation skills;,1
1116,Health and Welfare Benefits,1
1117,Bachelors Degree required,1
1118,_What’s in it for you?,1
1119,What You Have,1
1120,What you’ll be doing:,1
1121,Minimum Required:,1
1122,What you get to do,1
1123,HIPAA and ANSI transaction experience,1
1124,Min Education:,1
1125,Inform real-time data requirements design,1
1126,Strong project management skills,1
1127,4+ years of professional experience.,1
1128,Additional Skills and Qualities,1
1129,Commuter Benefits Program,1
1130,Preferred: Experience in a healthcare,1
1131,Major Responsibilities / Accountabilities:,1
1132,What you will work on,1
1133,Base Salary Range,1
1134,Impact You Will Make Here,1
1135,Work Type: Full Time,1
1136,Good Python programming skills,1
1137,Responsibilities of the role:,1
1138,LOCATION MAY VARY,1
1139,2+ years of industry experience,1
1140,Job Type,1
1141,Dental and Vision Insurance,1
1142,SHIFT: Day Job,1
1143,Other Qualifications:,1
1144,Internal Jobcode: PTSG28,1
1145,Here are our requirements:,1
1146,What we need:,1
1147,Experience in network science analytics,1
1148,Strong Python programming skills.,1
1149,Why FT Partners?,1
1150,Three years related work experience.,1
1151,Fraud background/experience required.,1
1152,Strong problem solving skills,1
1153, Excellent analytical skills –,1
1154,Pytorch framework programming experience,1
1155,3+ years related experience,1
1156,Ten years of work experience,1
1157,Experience in Aviation,1
1158,Deep learning experience,1
1159,Experience with OSIS,1
1160,Experience building systems in AWS,1
1161,Experience at an e-commerce company,1
1162,Technical Requirements,1
1163,3 required (contact information only),1
1164,OUR IMPACT,1
1165,Proposing and drive technical initiatives,1
1166,Experience in Employee Group Benefits,1
1167,Good communication and presentation skills,1
1168,Position benefits:,1
1169,3) completingrequired training,1
1170,Verification Guidelines: https://sfdhr.org/information-about-hiring-process,1
1171,About Roblox,1
1172,WORKING CONTACTS,1
1173,Job Type: Standard,1
1174,Convolutional neural networks experience,1
1175,"Bachelor’s Degree (Required), Master’s Degree",1
1176,About Olo,1
1177,QUALIFICATIONS & REQUIREMENTS:,1
1178,Experience & Education,1
1179,Experience writing SQL queries,1
1180,www.exponent.com/careers/grad-students,1
1181,SKILLS,1
1182,What We’re Looking For,1
1183,Location: NYC,1
1184,Job No: 492324,1
1185,WHY TRUST & SAFETY?,1
1186,Automotive experience a plus,1
1187,Job ID 0062,1
1188,Limited experience at consultancy preferred;,1
1189,Professional Skills Qualifications,1
1190,Preferred skills and experience:,1
1191,Experience working with AWS,1
1192,"Infrastructure knowledge (Networking, Security, DNS)",1
1193,Preferred qualification,1
1194,Education assistance.,1
1195,Strong skills in project management,1
1196,Job Area,1
1197,Job ID: 128762,1
1198,What we prefer:,1
1199,Basic consultation and communication skills,1
1200,Essential Functions and Responsibilities:,1
1201,Responsibilities include,1
1202,Relevant domain knowledge preferred; (healthcare/transportation/hi-tech/insurance);,1
1203,Experience with github version control,1
1204,"Procore, Autodesk, Assemble experience preferred.",1
1205,Program Summary,1
1206,"Excellent Spreadsheet skills, SQL",1
1207,Experience developing in Looker,1
1208,Continuous integration & testing frameworks,1
1209,Who You Are-,1
1210,Document requirements,1
1211,Higher education experience preferred,1
1212,Strong personal interaction skills,1
1213,#ACSCareers,1
1214,Experience writing testable code,1
1215,About the Benefits:,1
1216,Specific responsibilities:,1
1217,ABOUT LOANPAL,1
1218,Position description,1
1219,Basic understanding neural networks,1
1220,More About Meru Health,1
1221,Infrastructure scalability knowledge or experience;,1
1222,3-5 years experience preferred.,1
1223,Other responsibilities include:,1
1224,Research Impact Analysis: 40%,1
1225,Your impact,1
1226,Great work environment,1
1227,Job location,1
1228,What You'll Need:,1
1229,About Vox Media's Data Team:,1
1230,What you will bring:,1
1231,Workdays : Monday - Friday,1
1232,Experience using SQL,1
1233,Preferred Education:,1
1234,More about you:,1
1235,Basic Qualifications and Background:,1
1236,WHAT YOU BRING,1
1237,experience and skills:,1
1238,Job family,1
1239,About the Corporate Operations Group,1
1240,JOB LEVEL: Assistant Vice President,1
1241,WorkingHoursEnd : Varies,1
1242,Job Code,1
1243,Why Cape Privacy?,1
1244,Who We Look For,1
1245,Knowledge and Responsibilities:,1
1246,"About Ross Stores, Inc.",1
1247,1. Responsibilities:,1
1248,Experience with Redshift a plus,1
1249,WHAT WE DO,1
1250,Spark or Pyspark experience preferred,1
1251,Experience with statistical software,1
1252,You can look forward to:,1
1253,Experience with Lean/Six Sigma methodology,1
1254,Experience in production model management,1
1255,Company Mission:,1
1256,WORKING CONDITIONS,1
1257,About Equitable,1
1258,What We’ll Expect From You,1
1259,About the Data Scientist,1
1260,Experience with IVR processes,1
1261,Bachelor's Degree preferred,1
1262,3-7 years of experience,1
1263,"Location: San Francisco, California",1
1264,"Financial, payment experience, preferred",1
1265,Apply for this job,1
1266,ADDITIONAL COMPETENCIES REQUIRED:,1
1267,"Health, vision, and dental insurance",1
1268,Dental and vision insurance,1
1269,What You' ll do,1
1270,Primary Location NY-New York City,1
1271,Standard office work.,1
1272,Great communication skills,1
1273,Qualifications and Desired Skills,1
1274,REQUIRED QUALIFICATIONS,1
1275,Other administrative duties as required,1
1276,Salary Range:,1
1277,WorkingHoursStart : Varies,1
1278,Experience Substitution,1
1279,Job description,1
1280,The Opportunity:,1
1281,Analyze business needs,1
1282,EDUCATION AND EXPERIENCE YOU'LL BRING,1
1283,Effective decision-making/problem-solving skills.,1
1284,Health care data experience,1
1285,Other Work Locations: California,1
1286,Perks and Benefits:,1
1287,Scripting experience in python,1
1288,Permanent US work authorization,1
1289,Equal Employment Opportunity Statement:,1
1290,Full healthcare benefits,1
1291,Strong quantitative and problem-solving skills,1
1292,Five years related work experience.,1
1293,Job Sensitivity Not Evaluated,1
1294,Experience with data visualization,1
1295,Must have Good communication skills,1
1296,Experience with industrial/commercial applications…,1
1297,3-5 years demonstrated coding experience,1
1298,The impact you will have:,1
1299,Experience in public health surveillance.,1
1300,Posting Summary:,1
1301,Experience/Minimum Qualifications:,1
1302,SQL and SAS programming experience,1
1303,Experience with Airflow and Tableau,1
1304,Key responsibilities and objectives:,1
1305,Skills Desired:,1
1306,Excellent presentation skills,1
1307,Strong communication and interpersonal skills.,1
1308,About Twist Bioscience,1
1309,Non-Technical,1
1310,Desired Characteristics:,1
1311,Travel required <10%,1
1312,What Will You Do?,1
1313,Professional Experience Required,1
1314,Global experience,1
1315,experience with Ellucian Banner;,1
1316,Strong communication/writing skills.,1
1317,SHRM-CP or SHRM-SCP preferred,1
1318,Department Overview - Data Intelligence,1
1319,Strong quantitative and problem-solving skills.,1
1320,Your Typical Responsibilities:,1
1321,What can you expect?,1
1322,Minimum Experience:,1
1323,Exemplary problem solving skills,1
1324,Production backend service development experiences;,1
1325,Position requirements:,1
1326,Desired Skills and Experience,1
1327,Physical Requirements/Work Environment,1
1328,Job Business Analyst,1
1329,Experience with spectroscopy.,1
1330,Company Mission,1
1331,"KNOWLEDGE, SKILLS AND ABILITIES",1
1332,What We’ll Like About You:,1
1333,Experience with one or more:,1
1334,Goal of Job,1
1335,Experience with SQL or Python,1
1336,About Augmedix:,1
1337,General Qualifications,1
1338,Experience with ML at scale,1
1339,Experience leading technical projects,1
1340,Insurance domain expertise required,1
1341,Experience in healthcare preferred.,1
1342,Technical Leadership,1
1343,Your Education & Experience:,1
1344,Compensation Package:,1
1345,COVID-19 Impact,1
1346,Experience with version control (git),1
1347,Special Requirements:,1
1348,Solid independent project management skills,1
1349,Experience communicating data-driven insights,1
1350,Why MLB?,1
1351,Your education:,1
1352,What You’ll Be Doing:,1
1353,Strong organizational and multi-tasking skills.,1
1354,"Required Knowledge, Skills, and Abilities:",1
1355,Position Summary...,1
1356,Competitive compensation & equity package,1
1357,Excellent time management skills.,1
1358,"Medical, Dental, Vision insurance",1
1359,Technical Skill Set,1
1360,POSITION DESCRIPTION:,1
1361,Who you will work with,1
1362,Essential Responsibilities/Accountabilities,1
1363,Job Category Finance,1
1364,Enthusiasm about Uber!,1
1365,What you will do,1
1366,Your Skills & Experience,1
1367,Who am I working with?,1
1368,Primary Location US-CA-San Francisco,1
1369,Back to Careers,1
1370,Required experience:,1
1371,Job ID 182087BR,1
1372,o Strong problem-solving skills,1
1373,Equal Opportunity,1
1374,WHAT WE OFFER,1
1375,What's Required,1
1376,"Location: Brooklyn, NY",1
1377,About Vic.ai,1
1378,Working at Cape,1
1379,WHY GAME ENGINE?,1
1380,About GroupM,1
1381,About Autodesk Construction Solutions,1
1382,https://info.exponent.com/our-impact,1
1383,Excellent presentation skills.,1
1384,Experience / Skills desired,1
1385,Who we are looking for:,1
1386,You'll need to have:,1
1387,GXP/GMP/FDA- regulatory experience needed,1
1388,What we offer you,1
1389,Minimum Qualifications...,1
1390,Competitive salary based on experience,1
1391,Ten years related work experience.,1
1392,WHAT YOU WILL NEED,1
1393,objectives. Responsibilities include:,1
1394,About Translation Enterprises,1
1395,Skills :,1
1396,Division: Business Services,1
1397,Other requirements include:,1
1398,Minimum 8+ years of experience.,1
1399,What's Important to Olo,1
1400,General Summary,1
1401,**Excellent Benefits Package,1
1402,POSITION DESCRIPTION,1
1403,Who we are looking for,1
1404,Experience in behavioural experiment design,1
1405,Business Analyst Responsibilities,1
1406,COMPANY OVERVIEW,1
1407,Desired (but not required),1
1408,Additional qualifications – preferred,1
1409,Primary Location: USA-NY-Melville,1
1410,Job Number: 211077,1
1411,SKILLS/COMPETENCIES/EXPERIENCE,1
1412,Advanced Excel and Access skills,1
1413,Primary Responsibilities/Accountabilities:,1
1414,SPECIFIC RESPONSIBILITIES:,1
1415,About VGW,1
1416,ABOUT,1
1417,laboratory experience,1
1418,Salary and Benefits,1
1419,Machine learning experience,1
1420,"About Aspen Dental Management, Inc.",1
1421,Summary :,1
1422,Degree specialization in computer vision,1
1423,Commensurate with experience and qualifications,1
1424,More About Perficient,1
1425,Overview of Citi,1
1426,"Project Location(s): Brooklyn, NY, US",1
1427,Required application materials:,1
1428,No Weekends or Holidays Required,1
1429,About BritBox:,1
1430,How we work,1
1431,4+ years of analytical experience.,1
1432,Job Qualifications:,1
1433,What We’re Looking For:,1
1434,ABOUT RUBRIK,1
1435,Intern Requirements:,1
1436,Working knowledge of German language;,1
1437,Extensive experience in Business Analysis.,1
1438,What we offer our consultants:,1
1439,EDUCATION / EXPERIENCE,1
1440,SAP system experience preferred,1
1441,About Swiss Re,1
1442,"Medical, vision, and dental insurance",1
1443,What You’ll Like About Us:,1
1444,Job Summary/Basic Function:,1
1445,Competitive salary and benefits package,1
1446,Experience with AWS or GCP,1
1447,"Location: New York, New York",1
1448,Job Summary & Responsibilities:,1
1449,Good interpersonal skills,1
1450,Key Roles and Responsibilities:,1
1451,Qualifications/Requirements :,1
1452,Experience with experimental design,1
1453,Excellent SQL skills,1
1454,The key responsibilities include:,1
1455,"Location: Houston, New York, London",1
1456,https://academicjobsonline.org/ajo/jobs/17104,1
1457,Depends on Experience,1
1458,Education: Got it!,1
1459,Language Skills and Reasoning Ability:,1
1460,EXPERIENCE,1
1461,About adMarketplace,1
1462,"Location: Albany, NY",1
1463,Consulting experience desired,1
1464,Required keys for success:,1
1465,M&A experience,1
1466,Other Requirements :,1
1467,1-3 years of experience,1
1468,Ability to complete work independently,1
1469,SUPERVISION RECEIVED AND EXERCISED:,1
1470,Relocation Assistance Provided: No,1
1471,Job: Information Technology,1
1472,Strong customer interaction experience,1
1473,Bachelor's degree is required.,1
1474,#MusicJobs,1
1475,"Location: SF, NY, or Remote",1
1476,About Ipsos MMA,1
1477,Python data science experience,1
1478,WHY YOU SHOULD APPLY,1
1479,Roles and responsibilities,1
1480,Role Overview,1
1481,Education :,1
1482,Job Duties & Responsibilities,1
1483,2 years of reporting experience,1
1484,What you'll Do,1
1485,Some experience in C/C++,1
1486,Training in biostatistics is preferred,1
1487,Education and Experience,1
1488,Experience with chatbot development,1
1489,You'll make an impact by,1
1490,Tech startup experience.,1
1491,Skills and Qualification,1
1492,Job Purpose,1
1493,Job Posting Title,1
1494,The skills you'll bring,1
1495,About Us…,1
1496,Performs other duties as needed,1
1497,Expert SQL & Python skills.,1
1498,Overview of Position,1
1499,Experience with geospatial modeling,1
1500,"KNOWLEDGE, SKILLS & ABILITIES.",1
1501,SAS Base Certification required.,1
1502,Experience in customer analytics,1
1503,OTHER PREFERRED QUALIFICATIONS:,1
1504,Experience leading and mentoring,1
1505,JOB OVERVIEW:,1
1506,3-5 years demonstrated coding experience.,1
1507,Experience in data visualization,1
1508,Equal Employment Opportunity Policy,1
1509,Life/work balance,1
1510,Strong practical experience with Statistics,1
1511,Strong presentation skills,1
1512,Why Deep Labs?,1
1513,Educational Requirements:,1
1514,Applied analytic and statistics skills,1
1515,Skills and Education:,1
1516,Working knowledge of Ruby,1
1517,Responsibilities and Functions:,1
1518,Salary/Rate Expected:,1
1519,JOB: Asset/Investment Management,1
1520,WHAT YOU WILL BRING,1
1521,About Fulfil:,1
1522,About Havas Health & You,1
1523,Business analysis experience,1
1524,Previous experience managing associates/teams,1
1525,Peer-driven workshops,1
1526,Demonstrated communication and presentation skills,1
1527,Analytical and problem-solving skills,1
1528,PROGRAM OVERVIEW: Integrated Data Team,1
1529,4+ years full-cycle recruiting experience,1
1530,Bachelor's degree is required,1
1531,"Experience with SQL, R, Python",1
1532,Cover letter is required,1
1533,Business Data Analyst(Job Number: R115152),1
1534,Joining Period,1
1535,The Global Markets Division,1
1536,strong communication and organization skills.,1
1537,Job Overview:,1
1538,Medical/Dental/Vision,1
1539,Performs other duties as needed.,1
1540,Skills and Qualifications,1
1541,Experience with Amazon Redshift,1
1542,Product Allocations & Holds,1
1543,"Relocation Provided: Yes, if applicable",1
1544,Job Description :,1
1545,Relevant technical and/or IWMS certifications.,1
1546,About Macquarie,1
1547,Company Vision:,1
1548,Strong technical communication skills,1
1549,Strong organizational and prioritization skills,1
1550,Salary/Rate : Negotiable,1
1551,Workdays : Mon - Fri,1
1552,Experience with ETL processes,1
1553,preferred (CASAC acceptable),1
1554,What We Need:,1
1555,Experience with radiological research,1
1556,Minimum or Preferred Qualifications,1
1557,Primary Location: US-NY-Melville,1
1558,Scheduled Work Hours,1
1559,Technical Experience/Qualifications:,1
1560,Experience using Tableau,1
1561,3+ years of relevant experience.,1
1562,Position Specific Description,1
1563,What It Takes To Succeed:,1
1564,Experienced in operating Linux-based systems.,1
1565,Send your resume to: careers@perfume-center.com,1
1566,Strong communication and leadership skills,1
1567,What We Do,1
1568,Primary responsibilities include:,1
1569,Preferred/Desired Qualifications:,1
1570,"Bachelors/University degree, Master’s degree preferred",1
1571,Ability to travel when needed,1
1572,Equal Opportunity/Affirmative Action Statement,1
1573,See (Vision) Constantly,1
1574,Performs related duties as required.,1
1575,Experience in big data technologies.,1
1576,>2 years experience in SQL,1
1577,Here's What You Need:,1
1578,Who You’ll Work With:,1
1579,"independent research and/or consulting experience,",1
1580,Consulting engagement management experience,1
1581,Experience with RSO integration,1
1582,Bachelor's degree required.,1
1583,Technical writing skills,1
1584,Previous experience in reliability statistics,1
1585,What you need to succeed:,1
1586,DESIRABLE QUALIFICATIONS:,1
1587,Major responsibilities include:,1
1588,WHAT TO EXPECT,1
1589,Required Education & Experience:,1
1590,Job Title: Junior Business Analyst,1
1591,Job: Consulting – Other Practices,1
1592,Experience in trading applications.,1
1593,We’re looking for someone who,1
1594,Experience with contract generation,1
1595,Excellent communication and people skills,1
1596,"Special projects, as needed.",1
1597,Strong teamwork and collaboration skills,1
1598,"Health, vision and dental insurance.",1
1599,Job Title: Data Scientist,1
1600,Specific Knowledge/Skills:,1
1601,About The Role,1
1602,What you'll need,1
1603,Experience in SQL,1
1604,Qualifications & Requirements:,1
1605,Integrated Project Delivery Experience required,1
1606,Specific responsibilities include:,1
1607,Mental/Physical Requirements:,1
1608,Experience with this tech stack:,1
1609,More about us:,1
1610,Required qualification,1
1611,Strongly Preferred,1
1612,"Secondary Locations: , , ,",1
1613,YOUR EXPERIENCE,1
1614,Apply today! http://jobs.thermofisher.com,1
1615,Perks:,1
1616,A competitive compensation package,1
1617,Bachelor's Degree required,1
1618,"Communication, Summary Presentation and Visualization",1
1619,Other Job Duties,1
1620,Related Skills & Other Requirements,1
1621,"Knowledge, Experience & Skills:",1
1622,Certified Salesforce Administrator is preferred,1
1623,Internal Jobcode: 80042,1
1624,About Rhythm,1
1625,What we're seeking:,1
1626,Benefits of life @ Fast,1
1627,Job Title: Data Science Engineer,1
1628,Essential Tasks and Responsibilities,1
1629,Build Your Career:,1
1630,About Ease:,1
1631,"Location: Charlottesville, Virginia, United States",1
1632,Work Schedule:,1
1633,VERIFICATION OF EXPERIENCE AND/OR EDUCATION:,1
1634,Support prioritization of work requests:,1
1635,Past And Future Opportunity,1
1636,o Ability to work quickly,1
1637,Requirement and Qualifications,1
1638,BIM/VDC experience preferred,1
1639,Requirements :,1
1640,Extremely good time management skills,1
1641,Job Number: 3165412,1
1642,Experience with ESRI ArcGIS,1
1643,Job no: COG-956140,1
1644,Stipend towards mental health benefits,1
1645,Project Management Responsibilities,1
1646,Leadership Skills/Competency,1
1647,Job requisition #,1
1648,PREFERRED:,1
1649,- Microsoft Office skills required.,1
1650,About the ideal candidate:,1
1651,What you'll do...,1
1652,Agency Overview,1
1653,Skills/Experience,1
1654,Key requirements,1
1655,Role overview,1
1656,Programming experience;,1
1657,Education Desired :,1
1658,Good scripting and programming skills,1
1659,Job Duty,1
1660,Experience with machine learning techniques,1
1661,Desired Qualifications:,1
1662,"Required Knowledge/Skills, Education, And Experience",1
1663,Job: Operations,1
1664,Consulting experience preferred,1
1665,What we can offer you,1
1666,Security Responsibilities:,1
1667,Strong SQL experience,1
1668,Bachelors Degree or equivalent experience,1
1669,Job Posting End Date:,1
1670,"Required Knowledge, Skills, and Abilities",1
1671,Summary of the role:,1
1672,The Job,1
1673,"$1,000 work-from-home stipend",1
1674,JOB: Wealth Management,1
1675,Teams Who Are Hiring,1
1676,Previous experience using Spark.,1
1677,ABOUT YOU:,1
1678,What's in it for you,1
1679,Great interpersonal communication skills;,1
1680,# What's the role?,1
1681,Scope of Responsibilities:,1
1682,Superb presentation and communication skills,1
1683,Bachelor’s degree required;,1
1684,Excellent communication and interpersonal skills,1
1685,Current hands-on implementation experience required,1
1686,Experience building and productionizing end-to-end…,1
1687,Required Skills/Knowledge:,1
1688,What You’ll Be Doing,1
1689,Strong interpersonal and team skills,1
1690,Demonstrated experience working in teams,1
1691,3+ years of industry experience.,1
1692,Minimum Experience and Qualifications,1
1693,Work from home available,1
1694,What You’ll Need:,1
1695,Candidate Requirements:,1
1696,See Required Qualifications,1
1697,Excellent analytical and problem-solving skills.,1
1698,What’d Be Cool To Have:,1
1699,Communication and presentation skills,1
1700,You have strong communication skills,1
1701,Bachelors required; Advanced degree preferred,1
1702,Finance or accounting major preferred,1
1703,JOB TYPE: Full-Time Staff.,1
1704,Strong communication skills (verbal/written/listening).,1
1705,Work headphones reimbursement,1
1706,Moderate experience with Soap UI.,1
1707,Python programming experience,1
1708,Prepares high impact materials,1
1709,About Indigo:,1
1710,Programming Languages - Proven Experience,1
1711,Preferred Experience:,1
1712,About this Role:,1
1713,What We Provide,1
1714,Compensation: 65K per annum,1
1715,Perform other duties as required.,1
1716,Why Work For Us?,1
1717,Experience with object-oriented programming preferred,1
1718,Application Requirements,1
1719,Excellent teamwork and collaboration skills,1
1720,Mentorship and Career Growth,1
1721,Other Required:,1
1722,Salary is commensurate with experience.,1
1723,EDUCATION:,1
1724,Program Mission,1
1725,https://www.facebook.com/HPECareers,1
1726,PERFORMANCE REQUIREMENTS:,1
1727,Essential Responsibilities (Specific day-to-day responsibilities):,1
1728,Education and Experience Required:,1
1729,Why you’ll love us:,1
1730,Experience in building distributed systems.,1
1731,Shift Day Job,1
1732,Programming experience,1
1733,RESPONSIBILITIES WE LOOK FOR INCLUDE:,1
1734,Exceptional Excel and analytical skills,1
1735,Experience working with OpenCV,1
1736,EDUCATION REQUIREMENTS:,1
1737,You enjoy what you do.,1
1738,About this role,1
1739,Your primary responsibilities will be:,1
1740,"Education, Experience, and Skill Qualifications:",1
1741,Demonstrated communication skills,1
1742,Education: B. Tech/B.E,1
1743,ESSENTIAL FUNCTIONS/RESPONSIBILITIES,1
1744,Basic interpersonal skills,1
1745,Core Job Responsibilities:,1
1746,Desired Education and Work Experience,1
1747,Experience with cloud based computing,1
1748,Extensive Looker experience,1
1749,Other responsibilities as assigned,1
1750,Excellent interpersonal and communication skills,1
1751,Essential Responsibilities :,1
1752,Flexible work hours,1
1753,Cover Letter Required,1
1754,Overall Responsibilities:,1
1755,Strong analytical and troubleshooting skills,1
1756,Why should you apply?,1
1757,Required Criteria,1
1758,"Medical, dental, and vision insurance",1
1759,Required Certifications:,1
1760,You will need to have:,1
1761,# Who we are,1
1762,Excellent problem-solving skills,1
1763,Our Benefits & Perks Include:,1
1764,Provide training as required.,1
1765,Process-oriented with documentation skills,1
1766,Skills and Abilities:,1
1767,OTHER REQUIRED SKILLS:,1
1768,Essential Functions and Responsibilities,1
1769,About Loom:,1
1770,Robust benefits package,1
1771,Experience with AWS technology stack.,1
1772,Necessary skills/ experience:,1
1773,Why Aristocrat?,1
1774,Role Description: Data Scientist Manager,1
1775,Minimum Degree Required,1
1776,"PrimaryLocation : Oregon,Portland,Montgomery Park",1
1777,About OpenAI,1
1778,development experiences are a plus,1
1779,Job ID 01392792,1
1780,Business and Technical Skills,1
1781,Experience growth marketing/market expansion,1
1782,Excellent interpersonal skills,1
1783,Overview of eero:,1
1784,Experience :,1
1785,WHAT YOU’LL LOVE ABOUT US,1
1786,What We Need,1
1787,Manager’s Preferred Qualifications,1
1788,Proven experience in analyst roles,1
1789,Principal Work Code,1
1790,Think creatively about user problems,1
1791,Strong analytical and organization skills,1
1792,Experience within the pharmaceutical industry,1
1793,What You Bring,1
1794,"Knowledge, Skills and Abilities",1
1795,Qualifications & Skills Required,1
1796,Outstanding research skills,1
1797,Preferred Qualification,1
1798,Expert level SQL skills,1
1799,About Miro,1
1800,"Knowledge, Experience and Skills",1
1801,programming skills is a plus.,1
1802,WHAT WILL SET YOU APART,1
1803,Career Category,1
1804,More About the Role,1
1805,What we do:,1
1806,Bachelor’s degree in Finance required,1
1807,Strong communication skills.,1
1808,Experience with Docker/Kubernetes Containers.,1
1809,About Exiger,1
1810,JOB SCHEDULE: Full-Time,1
1811,Qualifications Required,1
1812,WHAT YOU’LL DO,1
1813,Experience with the following:,1
1814,Experience with LookML,1
1815,Essential Job Responsibilities Include:,1
1816,Gaming experience,1
1817,What We Prefer:,1
1818,Direct experience in Marketing analytics.,1
1819,Job ID 01419536,1
1820,Relevant Work Experience:,1
1821,Our Benefits,1
1822,Experience with statistical analysis,1
1823,Core Job Responsibilities,1
1824,Rely on work ethic,1
1825,Resourceful; problem solving skills.,1
1826,WorkingHoursStart : 09:00 AM,1
1827,Job Project Manager,1
1828,About Nevro:,1
1829,Education: Bachelor's Degree,1
1830,Inc Magazine: Best Workplaces,1
1831,SQL experience would be helpful,1
1832,Resolve complex technical issues.,1
1833,Experience in the gaming space,1
1834,Experience productizing a recommendation engine.,1
1835,3+ years of industry experience,1
1836,JOB LEVEL: Associate,1
1837,Other Perks:,1
1838,Display effective analytical skills.,1
1839,Experience Required,1
1840,RESPONSIBILITIES & JOB DUTIES,1
1841,"Preferred Knowledge, Skills, and Abilities:",1
1842,What you'll do here,1
1843,Excellent communication skills.,1
1844,Detailed responsibilities/accountabilities,1
1845,Job Category : Biomedical Engineering,1
1846,JOB OVERVIEW,1
1847,Relocation support,1
1848,Why Peterson?,1
1849,"PrimaryLocation : California,Oakland,Ordway",1
1850,TRANSVERSAL RESPONSIBILITIES,1
1851,• Other requirements,1
1852,MUST have good communication skills.,1
1853,Internal Jobcode: 70127,1
1854,Excellent benefits,1
1855,Experience in AWS cloud environment;,1
1856,Remote work capability,1
1857,Advanced Excel and SQL skills,1
1858,Sponsorship and Relocation Specifications:,1
1859,Physical Requirements and Work Environment:,1
1860,Job Features,1
1861,Working knowledge of Python/Jupyter,1
1862,ABOUT THE ROLE:,1
1863,Benefits-,1
1864,Google or AWS Cloud Experience,1
1865,Experience: 3+ years,1
1866,Previous experience at a startup,1
1867,"And, other information as requested-needed",1
1868,"GENERAL KNOWLEDGE, SKILLS & ABILITIES:",1
1869,Experience working in public education,1
1870,Job ID: 259435,1
1871,2+ years of professional experience,1
1872,Consultative or client-facing experience preferred,1
1873,Demonstrated problem solving skills.,1
1874,Job: Research & Development,1
1875,What are we looking for?,1
1876,"Preferred Knowledge, Skills and Abilities",1
1877,PREFERRED QUALIFICATIONS,1
1878,Job Description Summary :,1
1879,A little about us,1
1880,How you’ll make an impact:,1
1881,About Kensho,1
1882,10. Salary Expectation?,1
1883,Education and Experience Required,1
1884,Strong quantitative and technical skills,1
1885,Bachelor’s degree or commensurate experience,1
1886,Unlimited career growth opportunity,1
1887,Relocation assistance: No,1
1888,WorkingHoursEnd : 05:00 PM,1
1889,Desirable Qualifications:,1
1890,WHY DISCOVERY?,1
1891,Essential Responsibilities/Accountabilities:,1
1892,"Health, Vision and Dental",1
1893,Experience creating data pipelines,1
1894,Summary of Role:,1
1895,Desired Knowledge and Skills,1
1896,About Collage.com,1
1897,Qualifications - General:,1
1898,Your Skills Include,1
1899,Qualifications and Education Requirements,1
1900,Excellent data analysis skills,1
1901,Preferred Criteria,1
1902,Required Skills and Attributes:,1
1903,Consumer facing experience,1
1904,Job Level : Team Leader/Supervisor,1
1905,Employment law related experience preferred.,1
1906,Competitive salary.,1
1907,GIS experience,1
1908,Salesforce CRM knowledge and/or experience,1
1909,Essential Qualifications:,1
1910,"Required Skills, Knowledge and Abilities:",1
1911,Four-year college degree required,1
1912,Note: Physical/health screening required.,1
1913,Benefits Include:,1
1914,JOB SCHEDULE:,1
1915,Strong software design skills,1
1916,What you should already have,1
1917,Desired Experience,1
1918,Experienced in Python,1
1919,"Experience with SQL (MySQL, NoSQL)",1
1920,Benefits: Eligible,1
1921,strongly preferred,1
1922,Blueprint Requirements Management Tool,1
1923,Working Conditions/Physical Demands,1
1924,"Education, Experience, and Licensing:",1
1925,Why you should join:,1
1926,Personal Skills/Competency,1
1927,Salary Grade/Rank:,1
1928,About Amobee,1
1929,Location: -Manhattan,1
1930,Qualifications Desired,1
1931,Python or R experience,1
1932,20% travel will be required.,1
1933,Experience in R and Stata.,1
1934,Experience in data mining,1
1935,Role Description:,1
1936,Employee Benefits:,1
1937,Location: New York City,1
1938,Join the Ocrolus rocket ship!,1
1939,Join us,1
1940,Skills and Knowledge:,1
1941,You have strong analytical skills,1
1942,WorkingHoursStart : 8:30 AM,1
1943,About BlackRock,1
1944,KEY RESPONSIBILITIES:,1
1945,Some NYC Benefits & Perks:,1
1946,Experience with GCP,1
1947,Why you'll want to join,1
1948,1-3 years work experience,1
1949,Job: Wealth Management,1
1950,Key Prerequisite Skills,1
1951,Strong problem-solving skills,1
1952,https://twitter.com/HPE_Careers,1
1953,"Great People, Deserve Great Benefits",1
1954,Quantitative or technical degree,1
1955,"Workdays : Mon, Wed, Fri",1
1956,What You'll Do-,1
1957,About Lyra Health,1
1958,About Spruce,1
1959,Qualifications and Experience:,1
1960,Skills/Knowledge Required/Desired :,1
1961,About The Job,1
1962,Global career opportunities,1
1963,ADDITIONAL RESPONSIBILITIES:,1
1964,MBA preferred,1
1965,Stellar SQL skills,1
1966,Minimum requirements,1
1967,Amazing communication skills,1
1968,Strong analytical and quantitative skills,1
1969,Key Skills:,1
1970,Excellent analytical skills,1
1971,Experience working with complex datasets.,1
1972,Experience setting ML/AI project roadmaps,1
1973,2+ years professional experience,1
1974,Strong communication skills,1
1975,POSITION QUALIFICATIONS:,1
1976,Advanced Excel skills required,1
1977,Minimum Education:,1
1978,Strong mathematical skills needed,1
1979,Unite around the mission,1
1980,What skills you will use:,1
1981,Strong interpersonal and team skills.,1
1982,Job Number: 3167312,1
1983,Extensive experience with Python,1
1984,Skills required:,1
1985,Qualifications for success:,1
1986,Experience in data visualization tools,1
1987,For your Work/Life Balance,1
1988,Basic Requirements,1
1989,experience quantifying and communicating uncertainty,1
1990,What's In It for you?,1
1991,What we need from you:,1
1992,Ability to work independently.,1
1993,About Cigna,1
1994,Great analytical skills;,1
1995,Additional Skills/Qualifications Desired:,1
1996,Business Intelligence Analyst Job Description,1
1997,Meticulous data entry skills,1
1998,Consulting background preferred,1
1999,Skill Requirements:,1
2000,Programming experience preferred,1
2001,Strong listening and questioning skills,1
2002,https://www.salesforce.com/company/careers/university-recruiting/,1
2003,Learn About Us:,1
2004,Life Sciences experience preferred,1
2005,About this opportunity:,1
2006,Strong critical thinking skills.,1
2007,Additional Duties & Responsibilities,1
2008,summary reports,1
2009,PERKS AND BENEFITS,1
2010,Startup experience preferred,1
2011,Previous leadership experience,1
2012,Analytical and organizational skills,1
2013,Experience with SQL and databases,1
2014,Generate and maintain required documentation,1
2015,WORK EXPERIENCE:,1
2016,Preferred education & experience,1
2017,A SNAPSHOT OF YOUR RESPONSIBILITIES,1
2018,"Knowledge, Skills, Abilities",1
2019,Core Responsibilities,1
2020,Job activities include the following:,1
2021,About AlphaSense:,1
2022,Key Qualifications,1
